Date,City,PM2.5,PM10,NO2,SO2,AQI
2024-01-01,Delhi,132,398,24,47,19
2024-01-02,Delhi,101,238,30,43,12
2024-01-03,Delhi,151,264,33,7,15
2024-01-04,Delhi,179,358,11,28,20
2024-01-05,Delhi,221,326,42,16,21
2024-01-06,Delhi,51,302,58,31,12
2024-01-07,Delhi,88,219,69,20,11
2024-01-08,Delhi,219,224,71,48,18
2024-01-09,Delhi,84,293,73,7,13
2024-01-10,Delhi,164,70,48,22,11
2024-01-11,Delhi,118,365,23,13,17
2024-01-12,Delhi,82,389,69,11,16
2024-01-13,Delhi,293,84,45,44,18
2024-01-14,Delhi,31,103,13,33,5
2024-01-15,Delhi,220,267,53,38,19
2024-01-16,Delhi,231,319,57,19,21
2024-01-17,Delhi,244,301,71,44,22
2024-01-18,Delhi,242,257,62,28,20
2024-01-19,Delhi,246,301,69,49,22
2024-01-20,Delhi,70,206,24,49,10
2024-01-21,Delhi,94,394,18,28,16
2024-01-22,Delhi,158,185,72,15,14
2024-01-23,Delhi,110,212,44,37,12
2024-01-24,Delhi,290,280,50,32,23
2024-01-25,Delhi,164,250,21,38,16
2024-01-26,Delhi,62,97,32,28,6
2024-01-27,Delhi,128,221,44,5,13
2024-01-28,Delhi,256,150,56,18,18
2024-01-29,Delhi,160,306,14,30,17
2024-01-30,Delhi,284,332,18,19,24
2024-01-31,Delhi,44,395,51,17,14
2024-02-01,Delhi,208,112,61,36,14
2024-02-02,Delhi,251,280,24,47,21
2024-02-03,Delhi,58,85,22,36,6
2024-02-04,Delhi,216,292,37,6,19
2024-02-05,Delhi,199,94,71,10,13
2024-02-06,Delhi,57,157,53,24,8
2024-02-07,Delhi,157,397,71,37,20
2024-02-08,Delhi,150,165,12,43,13
2024-02-09,Delhi,227,186,71,41,18
2024-02-10,Delhi,254,356,53,28,24
2024-02-11,Delhi,189,145,61,16,14
2024-02-12,Delhi,142,150,65,21,12
2024-02-13,Delhi,216,162,11,6,15
2024-02-14,Delhi,249,103,10,23,15
2024-02-15,Delhi,155,179,62,48,14
2024-02-16,Delhi,247,209,79,36,19
2024-02-17,Delhi,276,373,64,15,25
2024-02-18,Delhi,213,172,26,42,16
2024-02-19,Delhi,127,247,20,20,14
2024-02-20,Delhi,126,250,68,10,14
2024-02-21,Delhi,288,197,68,40,21
2024-02-22,Delhi,176,197,61,45,15
2024-02-23,Delhi,157,88,10,15,10
2024-02-24,Delhi,180,347,16,20,19
2024-02-25,Delhi,141,109,11,5,10
2024-02-26,Delhi,283,189,78,41,21
2024-02-27,Delhi,189,58,28,20,11
2024-02-28,Delhi,160,201,63,37,15
2024-02-29,Delhi,145,124,45,42,11
2024-03-01,Delhi,133,389,34,33,18
2024-03-02,Delhi,223,359,44,20,22
2024-03-03,Delhi,198,210,77,37,17
2024-03-04,Delhi,164,244,26,37,16
2024-03-05,Delhi,205,71,39,42,13
2024-03-06,Delhi,259,100,63,12,16
2024-03-07,Delhi,56,275,30,34,11
2024-03-08,Delhi,126,333,73,37,17
2024-03-09,Delhi,176,53,44,21,11
2024-03-10,Delhi,201,269,39,33,18
2024-03-11,Delhi,75,55,46,28,6
2024-03-12,Delhi,210,144,69,37,15
2024-03-13,Delhi,145,240,41,27,15
2024-03-14,Delhi,190,305,76,22,19
2024-03-15,Delhi,252,103,67,7,16
2024-03-16,Delhi,203,329,41,26,20
2024-03-17,Delhi,180,176,36,46,15
2024-03-18,Delhi,133,348,57,43,18
2024-03-19,Delhi,199,296,35,39,19
2024-03-20,Delhi,42,365,16,40,13
2024-03-21,Delhi,202,69,74,12,13
2024-03-22,Delhi,171,192,75,36,15
2024-03-23,Delhi,244,391,60,29,24
2024-03-24,Delhi,215,112,71,26,15
2024-03-25,Delhi,87,391,58,46,17
2024-03-26,Delhi,83,150,17,48,9
2024-03-27,Delhi,137,54,77,10,9
2024-03-28,Delhi,76,360,49,20,15
2024-03-29,Delhi,298,173,39,23,20
2024-03-30,Delhi,174,169,72,23,14
2024-03-31,Delhi,121,107,64,30,10
2024-04-01,Delhi,258,166,71,27,18
2024-04-02,Delhi,156,178,67,5,13
2024-04-03,Delhi,268,339,57,29,24
2024-04-04,Delhi,266,321,70,43,24
2024-04-05,Delhi,221,118,31,33,15
2024-04-06,Delhi,276,125,35,20,18
2024-04-07,Delhi,115,234,38,18,13
2024-04-08,Delhi,249,118,56,34,16
2024-04-09,Delhi,267,253,25,30,21
2024-04-10,Delhi,68,149,42,34,8
2024-04-11,Delhi,52,299,19,9,11
2024-04-12,Delhi,129,339,61,35,17
2024-04-13,Delhi,279,196,67,36,20
2024-04-14,Delhi,286,374,13,20,25
2024-04-15,Delhi,276,307,41,31,23
2024-04-16,Delhi,181,227,44,37,16
2024-04-17,Delhi,208,150,21,7,15
2024-04-18,Delhi,94,217,52,48,12
2024-04-19,Delhi,41,144,55,6,6
2024-04-20,Delhi,282,291,44,27,23
2024-04-21,Delhi,119,313,35,14,15
2024-04-22,Delhi,119,164,16,8,11
2024-04-23,Delhi,143,124,38,40,11
2024-04-24,Delhi,246,326,45,14,22
2024-04-25,Delhi,221,276,58,39,20
2024-04-26,Delhi,65,145,33,27,8
2024-04-27,Delhi,219,273,46,16,19
2024-04-28,Delhi,212,62,32,29,13
2024-04-29,Delhi,91,133,22,23,8
2024-04-30,Delhi,206,149,21,45,15
2024-05-01,Delhi,105,314,37,18,15
2024-05-02,Delhi,252,101,25,9,15
2024-05-03,Delhi,128,74,61,25,9
2024-05-04,Delhi,82,200,25,43,10
2024-05-05,Delhi,138,230,51,43,14
2024-05-06,Delhi,252,171,14,39,18
2024-05-07,Delhi,244,270,27,16,20
2024-05-08,Delhi,38,123,67,48,6
2024-05-09,Delhi,282,279,16,17,22
2024-05-10,Delhi,197,219,18,31,16
2024-05-11,Delhi,151,243,14,33,15
2024-05-12,Delhi,194,388,17,49,21
2024-05-13,Delhi,174,376,54,8,20
2024-05-14,Delhi,99,301,40,23,14
2024-05-15,Delhi,211,216,28,43,17
2024-05-16,Delhi,155,222,22,32,14
2024-05-17,Delhi,155,107,29,32,11
2024-05-18,Delhi,30,397,71,29,14
2024-05-19,Delhi,146,183,67,48,13
2024-05-20,Delhi,202,209,54,25,17
2024-05-21,Delhi,109,262,45,39,14
2024-05-22,Delhi,176,69,66,22,11
2024-05-23,Delhi,76,282,58,18,13
2024-05-24,Delhi,172,50,63,7,10
2024-05-25,Delhi,173,61,25,12,10
2024-05-26,Delhi,185,57,45,30,11
2024-05-27,Delhi,165,235,69,32,16
2024-05-28,Delhi,249,90,73,31,16
2024-05-29,Delhi,174,250,42,24,16
2024-05-30,Delhi,249,289,38,17,21
2024-05-31,Delhi,75,84,15,22,6
2024-06-01,Delhi,285,246,56,29,22
2024-06-02,Delhi,39,361,39,49,13
2024-06-03,Delhi,34,168,42,5,7
2024-06-04,Delhi,175,273,58,15,17
2024-06-05,Delhi,92,266,68,31,13
2024-06-06,Delhi,206,147,10,25,15
2024-06-07,Delhi,35,246,14,42,9
2024-06-08,Delhi,288,72,62,41,17
2024-06-09,Delhi,231,132,26,25,16
2024-06-10,Delhi,107,50,60,49,7
2024-06-11,Delhi,234,309,71,5,21
2024-06-12,Delhi,63,397,48,30,15
2024-06-13,Delhi,279,211,63,7,20
2024-06-14,Delhi,297,103,14,34,18
2024-06-15,Delhi,251,300,66,21,22
2024-06-16,Delhi,141,304,56,27,16
2024-06-17,Delhi,236,278,23,6,20
2024-06-18,Delhi,104,152,47,38,10
2024-06-19,Delhi,127,387,39,19,18
2024-06-20,Delhi,278,215,39,46,21
2024-06-21,Delhi,80,130,14,33,8
2024-06-22,Delhi,167,233,26,14,15
2024-06-23,Delhi,98,83,15,6,7
2024-06-24,Delhi,234,175,52,15,17
2024-06-25,Delhi,140,298,32,20,16
2024-06-26,Delhi,124,57,13,44,8
2024-06-27,Delhi,213,330,76,36,21
2024-06-28,Delhi,224,204,41,23,17
2024-06-29,Delhi,34,141,51,26,6
2024-06-30,Delhi,30,182,21,30,7
2024-07-01,Delhi,75,83,58,18,7
2024-07-02,Delhi,247,350,36,13,23
2024-07-03,Delhi,278,96,65,34,17
2024-07-04,Delhi,136,368,57,21,18
2024-07-05,Delhi,55,341,10,12,13
2024-07-06,Delhi,142,302,61,19,16
2024-07-07,Delhi,156,105,23,30,11
2024-07-08,Delhi,57,127,11,49,7
2024-07-09,Delhi,183,63,68,11,11
2024-07-10,Delhi,32,160,32,47,7
2024-07-11,Delhi,268,323,47,39,23
2024-07-12,Delhi,44,241,37,14,9
2024-07-13,Delhi,68,322,53,29,13
2024-07-14,Delhi,174,62,34,8,10
2024-07-15,Delhi,96,282,27,40,13
2024-07-16,Delhi,140,83,17,44,10
2024-07-17,Delhi,265,132,51,45,18
2024-07-18,Delhi,130,55,61,30,9
2024-07-19,Delhi,255,364,79,41,24
2024-07-20,Delhi,179,326,79,10,19
2024-07-21,Delhi,141,53,71,34,9
2024-07-22,Delhi,124,201,64,13,13
2024-07-23,Delhi,276,292,40,44,23
2024-07-24,Delhi,258,85,33,35,16
2024-07-25,Delhi,35,371,13,19,13
2024-07-26,Delhi,163,167,60,6,13
2024-07-27,Delhi,232,75,60,49,14
2024-07-28,Delhi,162,375,35,8,19
2024-07-29,Delhi,241,274,29,16,20
2024-07-30,Delhi,76,50,23,42,5
2024-07-31,Delhi,168,382,12,37,20
2024-08-01,Delhi,207,59,14,27,12
2024-08-02,Delhi,167,221,11,17,15
2024-08-03,Delhi,197,179,74,41,16
2024-08-04,Delhi,294,87,44,34,18
2024-08-05,Delhi,124,354,78,48,18
2024-08-06,Delhi,166,125,44,5,12
2024-08-07,Delhi,89,369,20,45,16
2024-08-08,Delhi,258,319,69,34,23
2024-08-09,Delhi,242,214,14,23,18
2024-08-10,Delhi,107,111,13,29,9
2024-08-11,Delhi,266,91,27,44,16
2024-08-12,Delhi,133,63,41,42,9
2024-08-13,Delhi,52,112,24,37,6
2024-08-14,Delhi,182,194,75,18,15
2024-08-15,Delhi,133,153,60,43,12
2024-08-16,Delhi,227,183,76,11,17
2024-08-17,Delhi,208,91,73,19,14
2024-08-18,Delhi,140,206,42,34,13
2024-08-19,Delhi,260,206,47,37,20
2024-08-20,Delhi,283,245,75,14,22
2024-08-21,Delhi,34,172,47,17,7
2024-08-22,Delhi,188,352,61,19,20
2024-08-23,Delhi,186,185,14,33,15
2024-08-24,Delhi,76,373,54,6,15
2024-08-25,Delhi,124,164,45,40,11
2024-08-26,Delhi,98,197,20,14,11
2024-08-27,Delhi,67,183,32,30,9
2024-08-28,Delhi,247,190,71,22,18
2024-08-29,Delhi,140,153,69,47,12
2024-08-30,Delhi,162,342,40,13,18
2024-08-31,Delhi,80,78,49,45,7
2024-09-01,Delhi,243,316,32,5,22
2024-09-02,Delhi,130,395,45,27,19
2024-09-03,Delhi,30,368,63,44,13
2024-09-04,Delhi,178,358,18,14,19
2024-09-05,Delhi,146,203,50,39,14
2024-09-06,Delhi,92,293,34,30,14
2024-09-07,Delhi,104,343,11,11,15
2024-09-08,Delhi,239,396,26,47,24
2024-09-09,Delhi,280,228,63,28,21
2024-09-10,Delhi,54,229,79,28,10
2024-09-11,Delhi,190,226,38,47,17
2024-09-12,Delhi,179,203,37,25,15
2024-09-13,Delhi,78,386,58,24,16
2024-09-14,Delhi,147,391,72,44,20
2024-09-15,Delhi,78,376,10,36,15
2024-09-16,Delhi,170,264,60,23,17
2024-09-17,Delhi,61,207,38,49,10
2024-09-18,Delhi,173,68,27,5,11
2024-09-19,Delhi,107,224,75,32,13
2024-09-20,Delhi,142,163,47,8,12
2024-09-21,Delhi,293,104,12,36,18
2024-09-22,Delhi,295,211,64,32,22
2024-09-23,Delhi,207,398,17,5,22
2024-09-24,Delhi,276,372,68,12,25
2024-09-25,Delhi,83,298,76,37,14
2024-09-26,Delhi,121,313,43,39,16
2024-09-27,Delhi,125,137,41,47,11
2024-09-28,Delhi,194,231,23,35,17
2024-09-29,Delhi,36,379,16,37,13
2024-09-30,Delhi,180,134,28,23,13
2024-10-01,Delhi,65,334,69,22,14
2024-10-02,Delhi,31,352,78,24,13
2024-10-03,Delhi,40,283,11,7,10
2024-10-04,Delhi,148,69,14,41,10
2024-10-05,Delhi,285,271,18,38,22
2024-10-06,Delhi,82,391,33,21,16
2024-10-07,Delhi,231,207,68,27,18
2024-10-08,Delhi,157,273,23,13,16
2024-10-09,Delhi,69,286,34,43,12
2024-10-10,Delhi,230,295,31,47,21
2024-10-11,Delhi,33,203,67,33,8
2024-10-12,Delhi,138,147,46,15,11
2024-10-13,Delhi,175,177,51,40,14
2024-10-14,Delhi,70,83,26,41,6
2024-10-15,Delhi,182,125,36,35,13
2024-10-16,Delhi,163,268,49,38,17
2024-10-17,Delhi,297,286,62,11,24
2024-10-18,Delhi,202,239,55,6,17
2024-10-19,Delhi,222,356,62,40,22
2024-10-20,Delhi,58,198,20,44,9
2024-10-21,Delhi,40,213,68,43,9
2024-10-22,Delhi,261,276,63,38,22
2024-10-23,Delhi,84,160,33,26,9
2024-10-24,Delhi,98,361,42,40,16
2024-10-25,Delhi,268,197,71,49,20
2024-10-26,Delhi,230,203,75,13,18
2024-10-27,Delhi,230,345,26,5,22
2024-10-28,Delhi,246,110,52,44,16
2024-10-29,Delhi,71,74,48,39,6
2024-10-30,Delhi,160,278,53,34,17
2024-10-31,Delhi,131,61,28,41,9
2024-11-01,Delhi,73,354,70,21,15
2024-11-02,Delhi,86,360,56,16,15
2024-11-03,Delhi,109,265,17,35,13
2024-11-04,Delhi,178,130,79,12,13
2024-11-05,Delhi,54,138,21,19,7
2024-11-06,Delhi,88,75,56,36,7
2024-11-07,Delhi,295,65,26,27,17
2024-11-08,Delhi,115,299,16,18,15
2024-11-09,Delhi,146,56,18,12,9
2024-11-10,Delhi,244,131,48,39,17
2024-11-11,Delhi,132,322,23,35,16
2024-11-12,Delhi,181,157,69,49,14
2024-11-13,Delhi,127,180,46,47,12
2024-11-14,Delhi,212,88,24,8,13
2024-11-15,Delhi,239,210,25,49,18
2024-11-16,Delhi,137,360,51,38,18
2024-11-17,Delhi,280,296,22,17,23
2024-11-18,Delhi,125,276,48,33,15
2024-11-19,Delhi,274,285,66,20,23
2024-11-20,Delhi,265,288,19,34,22
2024-11-21,Delhi,94,226,12,49,12
2024-11-22,Delhi,171,207,77,22,15
2024-11-23,Delhi,182,242,62,19,17
2024-11-24,Delhi,102,354,77,16,16
2024-11-25,Delhi,216,342,70,41,22
2024-11-26,Delhi,227,344,65,28,22
2024-11-27,Delhi,40,111,34,11,5
2024-11-28,Delhi,81,309,68,12,14
2024-11-29,Delhi,177,398,72,49,21
2024-11-30,Delhi,136,275,66,30,16
2024-12-01,Delhi,270,308,15,9,22
2024-12-02,Delhi,290,103,56,27,18
2024-12-03,Delhi,206,58,29,46,12
2024-12-04,Delhi,207,387,71,21,22
2024-12-05,Delhi,245,52,41,39,14
2024-12-06,Delhi,298,169,77,18,20
2024-12-07,Delhi,127,316,65,7,16
2024-12-08,Delhi,152,78,18,7,10
2024-12-09,Delhi,255,381,51,13,24
2024-12-10,Delhi,69,74,14,15,5
2024-12-11,Delhi,255,173,47,12,18
2024-12-12,Delhi,280,225,27,10,21
2024-12-13,Delhi,66,365,57,17,14
2024-12-14,Delhi,110,163,49,49,11
2024-12-15,Delhi,253,367,67,7,24
2024-12-16,Delhi,85,89,49,31,7
2024-12-17,Delhi,266,338,15,28,23
2024-12-18,Delhi,176,385,49,32,21
2024-12-19,Delhi,88,108,57,45,8
2024-12-20,Delhi,298,94,62,46,18
2024-12-21,Delhi,220,204,47,11,17
2024-12-22,Delhi,162,284,54,35,17
2024-12-23,Delhi,52,209,62,34,9
2024-12-24,Delhi,68,131,11,18,7
2024-12-25,Delhi,106,61,48,6,7
2024-12-26,Delhi,253,62,55,31,15
2024-12-27,Delhi,142,282,26,44,16
2024-12-28,Delhi,252,237,73,28,20
2024-12-29,Delhi,192,375,39,11,21
2024-12-30,Delhi,103,282,72,32,14
2024-12-31,Delhi,89,384,46,33,16
2024-01-01,Mumbai,225,291,77,31,21
2024-01-02,Mumbai,221,66,21,26,13
2024-01-03,Mumbai,222,71,59,18,14
2024-01-04,Mumbai,221,224,38,16,18
2024-01-05,Mumbai,193,300,61,16,19
2024-01-06,Mumbai,36,78,20,37,4
2024-01-07,Mumbai,163,128,41,15,12
2024-01-08,Mumbai,87,75,55,38,7
2024-01-09,Mumbai,33,148,22,45,6
2024-01-10,Mumbai,68,320,38,33,13
2024-01-11,Mumbai,104,337,11,18,15
2024-01-12,Mumbai,113,71,36,7,8
2024-01-13,Mumbai,265,141,30,20,17
2024-01-14,Mumbai,113,311,28,9,15
2024-01-15,Mumbai,286,107,47,19,18
2024-01-16,Mumbai,191,212,73,29,16
2024-01-17,Mumbai,41,323,24,48,12
2024-01-18,Mumbai,237,76,69,29,15
2024-01-19,Mumbai,174,142,62,12,13
2024-01-20,Mumbai,108,76,55,11,8
2024-01-21,Mumbai,210,73,69,7,13
2024-01-22,Mumbai,75,64,34,34,6
2024-01-23,Mumbai,235,322,18,42,22
2024-01-24,Mumbai,243,166,11,28,17
2024-01-25,Mumbai,101,113,30,22,8
2024-01-26,Mumbai,124,215,41,15,13
2024-01-27,Mumbai,246,338,50,12,23
2024-01-28,Mumbai,296,263,60,28,23
2024-01-29,Mumbai,70,125,55,36,8
2024-01-30,Mumbai,109,359,29,37,16
2024-01-31,Mumbai,231,291,11,37,20
2024-02-01,Mumbai,262,126,35,26,17
2024-02-02,Mumbai,132,243,47,43,14
2024-02-03,Mumbai,119,223,24,38,13
2024-02-04,Mumbai,135,354,70,7,18
2024-02-05,Mumbai,152,58,15,13,9
2024-02-06,Mumbai,252,90,17,12,15
2024-02-07,Mumbai,207,397,71,24,23
2024-02-08,Mumbai,140,300,16,15,16
2024-02-09,Mumbai,113,257,13,10,13
2024-02-10,Mumbai,51,52,50,46,5
2024-02-11,Mumbai,43,61,21,17,4
2024-02-12,Mumbai,54,350,28,40,13
2024-02-13,Mumbai,202,270,62,36,19
2024-02-14,Mumbai,111,260,31,41,14
2024-02-15,Mumbai,88,180,37,14,10
2024-02-16,Mumbai,272,84,70,33,17
2024-02-17,Mumbai,236,381,58,34,24
2024-02-18,Mumbai,242,208,67,28,19
2024-02-19,Mumbai,33,269,29,28,10
2024-02-20,Mumbai,79,226,60,36,11
2024-02-21,Mumbai,134,299,75,19,16
2024-02-22,Mumbai,291,344,51,16,25
2024-02-23,Mumbai,160,286,27,44,17
2024-02-24,Mumbai,50,274,35,12,11
2024-02-25,Mumbai,129,289,51,48,16
2024-02-26,Mumbai,43,383,11,41,14
2024-02-27,Mumbai,70,367,69,18,15
2024-02-28,Mumbai,260,133,11,43,17
2024-02-29,Mumbai,174,394,37,6,20
2024-03-01,Mumbai,192,278,14,5,18
2024-03-02,Mumbai,193,350,32,35,20
2024-03-03,Mumbai,39,244,23,20,9
2024-03-04,Mumbai,122,315,10,9,15
2024-03-05,Mumbai,293,220,10,24,21
2024-03-06,Mumbai,150,156,46,41,13
2024-03-07,Mumbai,233,214,58,48,19
2024-03-08,Mumbai,185,256,15,48,17
2024-03-09,Mumbai,280,383,11,13,25
2024-03-10,Mumbai,49,331,38,5,12
2024-03-11,Mumbai,148,84,79,41,11
2024-03-12,Mumbai,274,108,78,37,18
2024-03-13,Mumbai,208,255,21,46,18
2024-03-14,Mumbai,210,291,52,38,20
2024-03-15,Mumbai,246,355,38,43,23
2024-03-16,Mumbai,252,233,52,27,20
2024-03-17,Mumbai,180,175,54,20,14
2024-03-18,Mumbai,263,57,10,12,15
2024-03-19,Mumbai,186,54,56,38,11
2024-03-20,Mumbai,222,360,52,14,22
2024-03-21,Mumbai,143,194,35,12,13
2024-03-22,Mumbai,261,125,55,8,17
2024-03-23,Mumbai,30,196,40,20,7
2024-03-24,Mumbai,171,102,57,9,12
2024-03-25,Mumbai,119,269,75,10,14
2024-03-26,Mumbai,92,122,42,45,9
2024-03-27,Mumbai,118,225,22,13,13
2024-03-28,Mumbai,274,126,40,45,18
2024-03-29,Mumbai,127,151,13,42,11
2024-03-30,Mumbai,48,131,22,45,7
2024-03-31,Mumbai,158,393,63,11,20
2024-04-01,Mumbai,118,262,24,5,14
2024-04-02,Mumbai,105,248,24,25,13
2024-04-03,Mumbai,122,354,44,48,17
2024-04-04,Mumbai,131,316,75,13,16
2024-04-05,Mumbai,32,134,35,12,6
2024-04-06,Mumbai,146,270,35,29,16
2024-04-07,Mumbai,41,182,57,41,8
2024-04-08,Mumbai,257,320,52,27,23
2024-04-09,Mumbai,50,156,56,19,7
2024-04-10,Mumbai,232,100,24,8,14
2024-04-11,Mumbai,170,324,43,18,18
2024-04-12,Mumbai,81,76,38,32,7
2024-04-13,Mumbai,165,193,45,34,14
2024-04-14,Mumbai,175,51,58,17,11
2024-04-15,Mumbai,161,139,16,35,12
2024-04-16,Mumbai,137,123,48,17,11
2024-04-17,Mumbai,188,120,72,46,14
2024-04-18,Mumbai,65,133,77,11,8
2024-04-19,Mumbai,201,222,56,17,17
2024-04-20,Mumbai,147,326,18,30,17
2024-04-21,Mumbai,38,320,19,28,11
2024-04-22,Mumbai,150,174,51,12,13
2024-04-23,Mumbai,181,257,58,30,17
2024-04-24,Mumbai,97,99,33,23,8
2024-04-25,Mumbai,129,109,48,14,10
2024-04-26,Mumbai,175,213,64,9,15
2024-04-27,Mumbai,204,98,42,25,13
2024-04-28,Mumbai,179,342,24,39,19
2024-04-29,Mumbai,189,60,19,13,11
2024-04-30,Mumbai,107,126,66,29,10
2024-05-01,Mumbai,287,369,44,11,25
2024-05-02,Mumbai,114,195,76,46,12
2024-05-03,Mumbai,154,216,50,15,14
2024-05-04,Mumbai,217,351,28,8,21
2024-05-05,Mumbai,247,151,51,36,17
2024-05-06,Mumbai,196,158,45,44,15
2024-05-07,Mumbai,258,213,12,13,19
2024-05-08,Mumbai,165,119,50,43,12
2024-05-09,Mumbai,225,318,58,6,21
2024-05-10,Mumbai,34,76,41,25,4
2024-05-11,Mumbai,293,279,59,7,23
2024-05-12,Mumbai,87,308,79,6,14
2024-05-13,Mumbai,244,221,11,42,19
2024-05-14,Mumbai,238,340,39,12,22
2024-05-15,Mumbai,179,349,67,40,20
2024-05-16,Mumbai,237,155,71,34,17
2024-05-17,Mumbai,150,104,25,16,11
2024-05-18,Mumbai,174,185,12,20,14
2024-05-19,Mumbai,59,286,32,32,12
2024-05-20,Mumbai,144,153,14,24,12
2024-05-21,Mumbai,277,370,39,25,25
2024-05-22,Mumbai,113,280,41,37,14
2024-05-23,Mumbai,67,275,23,40,12
2024-05-24,Mumbai,180,163,75,45,15
2024-05-25,Mumbai,287,298,74,15,24
2024-05-26,Mumbai,209,239,32,30,18
2024-05-27,Mumbai,225,360,15,39,22
2024-05-28,Mumbai,172,391,69,41,21
2024-05-29,Mumbai,273,61,58,46,16
2024-05-30,Mumbai,195,131,54,39,14
2024-05-31,Mumbai,187,265,39,18,17
2024-06-01,Mumbai,163,116,16,18,11
2024-06-02,Mumbai,102,212,75,31,12
2024-06-03,Mumbai,159,255,29,22,16
2024-06-04,Mumbai,285,315,34,6,24
2024-06-05,Mumbai,282,359,42,40,25
2024-06-06,Mumbai,124,319,74,20,16
2024-06-07,Mumbai,267,74,22,38,16
2024-06-08,Mumbai,54,128,77,49,7
2024-06-09,Mumbai,41,337,22,35,12
2024-06-10,Mumbai,49,195,69,10,9
2024-06-11,Mumbai,189,398,52,6,21
2024-06-12,Mumbai,89,200,40,9,10
2024-06-13,Mumbai,295,394,11,15,26
2024-06-14,Mumbai,207,302,40,19,20
2024-06-15,Mumbai,112,148,30,13,10
2024-06-16,Mumbai,185,239,16,20,16
2024-06-17,Mumbai,281,146,13,8,18
2024-06-18,Mumbai,132,89,26,41,9
2024-06-19,Mumbai,250,357,45,42,24
2024-06-20,Mumbai,260,227,72,41,20
2024-06-21,Mumbai,145,240,71,39,15
2024-06-22,Mumbai,36,204,23,11,8
2024-06-23,Mumbai,258,135,14,6,17
2024-06-24,Mumbai,91,268,30,42,13
2024-06-25,Mumbai,108,198,19,27,11
2024-06-26,Mumbai,94,62,62,22,7
2024-06-27,Mumbai,202,209,45,21,17
2024-06-28,Mumbai,217,240,30,30,18
2024-06-29,Mumbai,225,83,61,22,14
2024-06-30,Mumbai,261,276,61,33,22
2024-07-01,Mumbai,71,70,51,17,6
2024-07-02,Mumbai,142,154,73,21,12
2024-07-03,Mumbai,149,178,11,33,13
2024-07-04,Mumbai,126,59,67,44,9
2024-07-05,Mumbai,232,296,43,12,21
2024-07-06,Mumbai,243,249,58,19,20
2024-07-07,Mumbai,202,118,41,48,14
2024-07-08,Mumbai,116,150,17,17,10
2024-07-09,Mumbai,229,136,52,5,16
2024-07-10,Mumbai,138,201,26,9,13
2024-07-11,Mumbai,177,326,67,35,19
2024-07-12,Mumbai,257,188,61,19,19
2024-07-13,Mumbai,240,77,60,47,15
2024-07-14,Mumbai,290,310,17,14,24
2024-07-15,Mumbai,67,160,17,44,8
2024-07-16,Mumbai,78,341,77,18,15
2024-07-17,Mumbai,134,218,71,14,14
2024-07-18,Mumbai,178,213,21,31,15
2024-07-19,Mumbai,287,318,62,36,24
2024-07-20,Mumbai,255,60,19,19,14
2024-07-21,Mumbai,212,202,68,18,17
2024-07-22,Mumbai,153,163,31,34,13
2024-07-23,Mumbai,242,221,41,25,19
2024-07-24,Mumbai,151,81,48,16,10
2024-07-25,Mumbai,262,67,30,17,15
2024-07-26,Mumbai,178,175,17,44,14
2024-07-27,Mumbai,267,184,32,48,19
2024-07-28,Mumbai,253,252,31,47,20
2024-07-29,Mumbai,51,397,38,17,15
2024-07-30,Mumbai,287,78,61,31,17
2024-07-31,Mumbai,79,144,32,28,8
2024-08-01,Mumbai,73,327,52,41,14
2024-08-02,Mumbai,218,233,12,23,18
2024-08-03,Mumbai,52,79,48,48,5
2024-08-04,Mumbai,157,278,17,46,16
2024-08-05,Mumbai,215,193,10,48,17
2024-08-06,Mumbai,290,52,74,8,16
2024-08-07,Mumbai,133,273,73,46,16
2024-08-08,Mumbai,39,351,36,6,12
2024-08-09,Mumbai,141,62,18,40,9
2024-08-10,Mumbai,115,283,67,16,15
2024-08-11,Mumbai,238,63,43,24,14
2024-08-12,Mumbai,104,292,79,23,14
2024-08-13,Mumbai,130,235,13,8,13
2024-08-14,Mumbai,49,73,35,41,5
2024-08-15,Mumbai,259,359,30,14,24
2024-08-16,Mumbai,67,309,69,49,13
2024-08-17,Mumbai,49,322,13,33,12
2024-08-18,Mumbai,43,52,67,8,4
2024-08-19,Mumbai,283,73,43,34,17
2024-08-20,Mumbai,111,208,69,23,12
2024-08-21,Mumbai,240,201,39,42,18
2024-08-22,Mumbai,146,241,28,49,15
2024-08-23,Mumbai,257,399,64,37,25
2024-08-24,Mumbai,175,368,56,15,20
2024-08-25,Mumbai,147,350,42,21,18
2024-08-26,Mumbai,227,309,29,31,21
2024-08-27,Mumbai,227,96,18,30,14
2024-08-28,Mumbai,90,187,59,7,10
2024-08-29,Mumbai,136,162,79,21,12
2024-08-30,Mumbai,80,294,28,46,13
2024-08-31,Mumbai,64,351,35,9,14
2024-09-01,Mumbai,78,123,73,9,8
2024-09-02,Mumbai,99,139,13,43,9
2024-09-03,Mumbai,158,329,66,40,18
2024-09-04,Mumbai,211,223,69,48,18
2024-09-05,Mumbai,217,106,40,24,14
2024-09-06,Mumbai,181,85,39,28,12
2024-09-07,Mumbai,135,391,16,39,19
2024-09-08,Mumbai,249,319,19,20,22
2024-09-09,Mumbai,211,155,79,48,16
2024-09-10,Mumbai,257,233,66,25,20
2024-09-11,Mumbai,225,227,42,31,18
2024-09-12,Mumbai,36,119,24,22,5
2024-09-13,Mumbai,189,297,29,28,18
2024-09-14,Mumbai,172,248,30,46,16
2024-09-15,Mumbai,183,191,66,41,15
2024-09-16,Mumbai,50,131,78,7,7
2024-09-17,Mumbai,116,267,46,28,14
2024-09-18,Mumbai,190,227,77,46,17
2024-09-19,Mumbai,115,338,33,38,16
2024-09-20,Mumbai,57,92,50,43,6
2024-09-21,Mumbai,115,226,26,38,13
2024-09-22,Mumbai,227,147,74,14,16
2024-09-23,Mumbai,34,51,31,6,3
2024-09-24,Mumbai,127,193,60,43,13
2024-09-25,Mumbai,115,125,49,42,10
2024-09-26,Mumbai,88,187,73,36,11
2024-09-27,Mumbai,49,203,77,26,9
2024-09-28,Mumbai,172,281,23,31,17
2024-09-29,Mumbai,197,107,37,30,13
2024-09-30,Mumbai,95,297,12,12,13
2024-10-01,Mumbai,73,146,51,39,8
2024-10-02,Mumbai,291,216,61,27,21
2024-10-03,Mumbai,118,227,52,23,13
2024-10-04,Mumbai,226,356,20,16,22
2024-10-05,Mumbai,103,57,33,32,7
2024-10-06,Mumbai,193,134,64,13,14
2024-10-07,Mumbai,76,287,51,24,13
2024-10-08,Mumbai,297,312,12,49,24
2024-10-09,Mumbai,288,332,49,42,25
2024-10-10,Mumbai,249,178,17,41,18
2024-10-11,Mumbai,205,156,13,34,15
2024-10-12,Mumbai,275,324,41,13,24
2024-10-13,Mumbai,41,351,25,5,12
2024-10-14,Mumbai,92,158,30,34,9
2024-10-15,Mumbai,298,211,13,32,21
2024-10-16,Mumbai,131,272,68,31,15
2024-10-17,Mumbai,54,180,77,29,9
2024-10-18,Mumbai,183,182,70,32,15
2024-10-19,Mumbai,294,183,69,48,21
2024-10-20,Mumbai,242,265,12,16,20
2024-10-21,Mumbai,185,297,71,37,19
2024-10-22,Mumbai,192,229,43,45,17
2024-10-23,Mumbai,104,328,57,26,15
2024-10-24,Mumbai,137,188,24,31,13
2024-10-25,Mumbai,241,321,43,6,22
2024-10-26,Mumbai,277,205,56,43,20
2024-10-27,Mumbai,230,197,10,12,17
2024-10-28,Mumbai,276,392,72,7,26
2024-10-29,Mumbai,33,352,47,19,12
2024-10-30,Mumbai,220,70,66,18,13
2024-10-31,Mumbai,68,301,15,31,12
2024-11-01,Mumbai,120,95,47,18,9
2024-11-02,Mumbai,129,377,71,39,18
2024-11-03,Mumbai,176,79,34,44,11
2024-11-04,Mumbai,299,203,31,23,21
2024-11-05,Mumbai,139,324,37,24,17
2024-11-06,Mumbai,202,376,72,13,22
2024-11-07,Mumbai,280,173,28,18,19
2024-11-08,Mumbai,149,366,45,44,19
2024-11-09,Mumbai,294,369,42,29,26
2024-11-10,Mumbai,171,252,62,39,17
2024-11-11,Mumbai,251,90,77,8,16
2024-11-12,Mumbai,293,51,50,20,16
2024-11-13,Mumbai,91,207,21,39,11
2024-11-14,Mumbai,296,113,59,25,19
2024-11-15,Mumbai,284,198,78,24,21
2024-11-16,Mumbai,201,250,70,13,18
2024-11-17,Mumbai,64,265,74,12,12
2024-11-18,Mumbai,105,223,56,19,12
2024-11-19,Mumbai,176,75,61,33,11
2024-11-20,Mumbai,261,70,60,42,16
2024-11-21,Mumbai,186,228,13,11,16
2024-11-22,Mumbai,57,309,31,16,12
2024-11-23,Mumbai,96,391,75,28,17
2024-11-24,Mumbai,191,396,64,45,22
2024-11-25,Mumbai,286,121,47,10,18
2024-11-26,Mumbai,243,202,26,16,18
2024-11-27,Mumbai,291,267,36,12,23
2024-11-28,Mumbai,122,158,49,18,11
2024-11-29,Mumbai,266,389,65,17,25
2024-11-30,Mumbai,218,98,55,12,14
2024-12-01,Mumbai,72,139,48,25,8
2024-12-02,Mumbai,274,241,71,46,22
2024-12-03,Mumbai,262,314,46,45,23
2024-12-04,Mumbai,46,393,30,43,14
2024-12-05,Mumbai,212,90,48,17,13
2024-12-06,Mumbai,221,316,28,15,20
2024-12-07,Mumbai,156,95,54,5,11
2024-12-08,Mumbai,197,157,28,16,15
2024-12-09,Mumbai,101,158,21,37,10
2024-12-10,Mumbai,119,152,78,12,11
2024-12-11,Mumbai,182,396,55,27,21
2024-12-12,Mumbai,187,264,58,24,18
2024-12-13,Mumbai,175,373,42,40,20
2024-12-14,Mumbai,111,196,37,44,12
2024-12-15,Mumbai,113,162,24,45,11
2024-12-16,Mumbai,287,334,75,15,25
2024-12-17,Mumbai,295,259,60,13,23
2024-12-18,Mumbai,68,77,12,24,6
2024-12-19,Mumbai,184,166,11,33,14
2024-12-20,Mumbai,195,399,49,6,22
2024-12-21,Mumbai,110,317,44,47,15
2024-12-22,Mumbai,242,111,58,35,16
2024-12-23,Mumbai,136,195,45,39,13
2024-12-24,Mumbai,102,171,39,48,11
2024-12-25,Mumbai,224,205,53,19,18
2024-12-26,Mumbai,70,112,32,44,7
2024-12-27,Mumbai,104,97,41,40,8
2024-12-28,Mumbai,196,339,65,32,20
2024-12-29,Mumbai,36,245,46,5,9
2024-12-30,Mumbai,222,96,29,23,14
2024-12-31,Mumbai,186,251,69,22,17
2024-01-01,Chennai,155,354,47,9,18
2024-01-02,Chennai,205,165,65,16,16
2024-01-03,Chennai,60,162,59,9,8
2024-01-04,Chennai,96,124,54,8,9
2024-01-05,Chennai,183,204,55,47,16
2024-01-06,Chennai,263,100,59,10,16
2024-01-07,Chennai,154,294,39,46,17
2024-01-08,Chennai,151,174,46,46,13
2024-01-09,Chennai,153,84,15,8,10
2024-01-10,Chennai,230,334,68,21,22
2024-01-11,Chennai,138,273,31,8,15
2024-01-12,Chennai,98,214,58,17,12
2024-01-13,Chennai,191,391,62,27,22
2024-01-14,Chennai,71,158,60,25,9
2024-01-15,Chennai,50,349,20,43,13
2024-01-16,Chennai,121,329,22,38,16
2024-01-17,Chennai,168,322,33,23,18
2024-01-18,Chennai,194,390,17,32,21
2024-01-19,Chennai,34,194,45,23,8
2024-01-20,Chennai,93,140,20,49,9
2024-01-21,Chennai,76,189,30,15,9
2024-01-22,Chennai,34,233,29,45,9
2024-01-23,Chennai,75,61,79,21,6
2024-01-24,Chennai,176,203,57,48,15
2024-01-25,Chennai,265,357,79,40,25
2024-01-26,Chennai,131,124,42,28,10
2024-01-27,Chennai,232,241,60,18,19
2024-01-28,Chennai,248,131,60,8,17
2024-01-29,Chennai,192,97,54,21,13
2024-01-30,Chennai,254,377,28,42,24
2024-01-31,Chennai,42,238,40,20,9
2024-02-01,Chennai,143,71,52,7,9
2024-02-02,Chennai,83,347,73,25,15
2024-02-03,Chennai,233,243,50,28,19
2024-02-04,Chennai,64,233,39,34,10
2024-02-05,Chennai,192,68,17,30,12
2024-02-06,Chennai,142,376,39,11,18
2024-02-07,Chennai,96,114,45,29,8
2024-02-08,Chennai,66,50,24,41,5
2024-02-09,Chennai,170,281,17,9,17
2024-02-10,Chennai,217,177,10,40,16
2024-02-11,Chennai,64,243,72,44,11
2024-02-12,Chennai,52,314,43,18,12
2024-02-13,Chennai,289,124,12,18,18
2024-02-14,Chennai,217,222,43,49,18
2024-02-15,Chennai,90,132,25,6,8
2024-02-16,Chennai,174,211,25,42,15
2024-02-17,Chennai,217,371,75,30,23
2024-02-18,Chennai,42,233,40,38,9
2024-02-19,Chennai,244,169,64,31,18
2024-02-20,Chennai,147,270,62,43,16
2024-02-21,Chennai,262,207,62,17,20
2024-02-22,Chennai,50,102,28,29,6
2024-02-23,Chennai,243,80,64,27,15
2024-02-24,Chennai,61,123,19,40,7
2024-02-25,Chennai,83,101,29,36,7
2024-02-26,Chennai,43,227,37,28,9
2024-02-27,Chennai,51,79,72,8,5
2024-02-28,Chennai,234,108,17,22,15
2024-02-29,Chennai,41,168,40,18,7
2024-03-01,Chennai,277,176,58,19,19
2024-03-02,Chennai,270,398,35,22,26
2024-03-03,Chennai,125,263,47,21,14
2024-03-04,Chennai,117,355,17,45,17
2024-03-05,Chennai,186,205,20,5,15
2024-03-06,Chennai,136,196,18,31,13
2024-03-07,Chennai,191,149,24,17,14
2024-03-08,Chennai,112,226,79,16,13
2024-03-09,Chennai,208,235,38,37,18
2024-03-10,Chennai,246,169,64,14,18
2024-03-11,Chennai,204,72,30,47,13
2024-03-12,Chennai,42,150,42,28,7
2024-03-13,Chennai,40,322,77,29,12
2024-03-14,Chennai,123,250,30,24,14
2024-03-15,Chennai,240,189,46,46,18
2024-03-16,Chennai,130,353,37,45,17
2024-03-17,Chennai,175,305,22,22,18
2024-03-18,Chennai,258,149,40,6,17
2024-03-19,Chennai,45,186,47,15,8
2024-03-20,Chennai,129,158,54,49,12
2024-03-21,Chennai,191,265,17,11,17
2024-03-22,Chennai,32,77,79,48,5
2024-03-23,Chennai,178,77,63,5,11
2024-03-24,Chennai,50,301,22,14,11
2024-03-25,Chennai,82,93,56,14,7
2024-03-26,Chennai,75,62,46,42,6
2024-03-27,Chennai,287,386,23,14,26
2024-03-28,Chennai,192,160,26,16,14
2024-03-29,Chennai,211,73,38,47,13
2024-03-30,Chennai,257,237,74,24,20
2024-03-31,Chennai,148,205,25,21,14
2024-04-01,Chennai,133,141,67,16,11
2024-04-02,Chennai,210,219,68,34,18
2024-04-03,Chennai,262,211,46,10,19
2024-04-04,Chennai,253,202,42,11,19
2024-04-05,Chennai,273,362,21,20,24
2024-04-06,Chennai,237,92,16,40,15
2024-04-07,Chennai,140,356,41,15,18
2024-04-08,Chennai,293,274,54,26,23
2024-04-09,Chennai,88,181,76,33,10
2024-04-10,Chennai,186,147,37,17,14
2024-04-11,Chennai,108,173,53,30,11
2024-04-12,Chennai,33,139,18,9,6
2024-04-13,Chennai,125,380,24,36,18
2024-04-14,Chennai,57,327,26,30,13
2024-04-15,Chennai,228,75,34,14,14
2024-04-16,Chennai,296,230,77,35,22
2024-04-17,Chennai,78,224,61,42,11
2024-04-18,Chennai,245,237,66,35,20
2024-04-19,Chennai,203,291,35,9,19
2024-04-20,Chennai,113,357,63,37,17
2024-04-21,Chennai,255,64,70,25,15
2024-04-22,Chennai,75,343,71,26,15
2024-04-23,Chennai,239,127,55,17,16
2024-04-24,Chennai,252,271,12,34,21
2024-04-25,Chennai,35,142,17,48,6
2024-04-26,Chennai,264,157,42,21,18
2024-04-27,Chennai,269,380,59,15,25
2024-04-28,Chennai,185,119,50,20,13
2024-04-29,Chennai,97,301,57,30,14
2024-04-30,Chennai,168,138,27,23,13
2024-05-01,Chennai,183,309,38,38,19
2024-05-02,Chennai,136,348,75,38,18
2024-05-03,Chennai,276,57,22,46,16
2024-05-04,Chennai,37,143,74,47,7
2024-05-05,Chennai,68,130,68,24,8
2024-05-06,Chennai,117,291,53,13,15
2024-05-07,Chennai,103,85,37,46,8
2024-05-08,Chennai,284,220,51,44,21
2024-05-09,Chennai,84,140,31,41,9
2024-05-10,Chennai,184,398,76,48,22
2024-05-11,Chennai,170,222,19,40,15
2024-05-12,Chennai,294,297,36,38,24
2024-05-13,Chennai,158,209,76,24,15
2024-05-14,Chennai,146,143,44,39,12
2024-05-15,Chennai,142,140,26,22,11
2024-05-16,Chennai,202,165,62,31,15
2024-05-17,Chennai,111,373,74,5,17
2024-05-18,Chennai,87,203,29,27,11
2024-05-19,Chennai,295,364,50,45,26
2024-05-20,Chennai,222,327,50,33,21
2024-05-21,Chennai,97,246,20,25,12
2024-05-22,Chennai,128,125,35,23,10
2024-05-23,Chennai,138,237,56,11,14
2024-05-24,Chennai,183,89,14,25,12
2024-05-25,Chennai,161,328,24,49,18
2024-05-26,Chennai,250,90,28,43,15
2024-05-27,Chennai,75,373,24,39,15
2024-05-28,Chennai,224,329,36,44,21
2024-05-29,Chennai,218,213,33,28,17
2024-05-30,Chennai,33,372,43,27,13
2024-05-31,Chennai,210,297,32,49,20
2024-06-01,Chennai,98,303,62,45,15
2024-06-02,Chennai,278,237,63,10,21
2024-06-03,Chennai,167,217,16,43,15
2024-06-04,Chennai,114,366,12,26,17
2024-06-05,Chennai,67,288,50,9,12
2024-06-06,Chennai,59,239,34,31,10
2024-06-07,Chennai,235,234,56,40,19
2024-06-08,Chennai,68,65,31,25,5
2024-06-09,Chennai,178,290,25,35,18
2024-06-10,Chennai,231,81,68,38,15
2024-06-11,Chennai,284,303,18,21,23
2024-06-12,Chennai,168,59,26,8,10
2024-06-13,Chennai,77,160,34,25,9
2024-06-14,Chennai,131,290,74,29,16
2024-06-15,Chennai,80,341,75,44,15
2024-06-16,Chennai,125,247,10,27,14
2024-06-17,Chennai,196,175,66,21,15
2024-06-18,Chennai,280,218,22,10,20
2024-06-19,Chennai,291,389,61,7,26
2024-06-20,Chennai,92,98,56,49,8
2024-06-21,Chennai,212,241,74,21,18
2024-06-22,Chennai,129,81,77,22,9
2024-06-23,Chennai,72,127,67,37,8
2024-06-24,Chennai,299,211,70,8,22
2024-06-25,Chennai,245,364,38,23,23
2024-06-26,Chennai,197,388,74,9,22
2024-06-27,Chennai,42,289,73,39,11
2024-06-28,Chennai,176,253,52,14,17
2024-06-29,Chennai,118,197,77,48,13
2024-06-30,Chennai,180,51,31,41,11
2024-07-01,Chennai,36,255,65,7,10
2024-07-02,Chennai,143,321,60,22,17
2024-07-03,Chennai,153,162,21,15,12
2024-07-04,Chennai,169,146,14,32,13
2024-07-05,Chennai,98,167,68,37,10
2024-07-06,Chennai,79,68,78,6,6
2024-07-07,Chennai,76,216,77,37,11
2024-07-08,Chennai,170,133,63,11,13
2024-07-09,Chennai,108,264,23,27,13
2024-07-10,Chennai,157,359,29,33,19
2024-07-11,Chennai,231,106,17,30,15
2024-07-12,Chennai,91,206,26,6,11
2024-07-13,Chennai,35,107,78,32,6
2024-07-14,Chennai,198,131,50,31,14
2024-07-15,Chennai,206,253,12,14,18
2024-07-16,Chennai,127,394,44,20,18
2024-07-17,Chennai,31,173,33,14,7
2024-07-18,Chennai,195,71,35,47,12
2024-07-19,Chennai,248,206,29,31,19
2024-07-20,Chennai,70,197,28,24,9
2024-07-21,Chennai,163,256,36,14,16
2024-07-22,Chennai,102,97,79,45,9
2024-07-23,Chennai,129,108,11,33,10
2024-07-24,Chennai,94,132,35,29,9
2024-07-25,Chennai,295,358,68,26,26
2024-07-26,Chennai,77,297,31,40,13
2024-07-27,Chennai,127,74,37,5,8
2024-07-28,Chennai,97,56,58,13,7
2024-07-29,Chennai,193,132,10,14,13
2024-07-30,Chennai,102,286,55,46,14
2024-07-31,Chennai,291,225,47,21,21
2024-08-01,Chennai,83,227,44,25,11
2024-08-02,Chennai,156,320,13,33,17
2024-08-03,Chennai,102,297,26,47,14
2024-08-04,Chennai,70,219,59,24,10
2024-08-05,Chennai,197,88,32,36,13
2024-08-06,Chennai,76,112,78,47,8
2024-08-07,Chennai,232,110,59,7,15
2024-08-08,Chennai,190,380,25,22,21
2024-08-09,Chennai,123,353,19,22,17
2024-08-10,Chennai,67,176,28,40,9
2024-08-11,Chennai,106,223,12,14,12
2024-08-12,Chennai,120,287,17,46,15
2024-08-13,Chennai,238,122,15,47,16
2024-08-14,Chennai,211,86,18,22,13
2024-08-15,Chennai,85,236,11,47,11
2024-08-16,Chennai,152,237,49,40,15
2024-08-17,Chennai,143,301,46,19,16
2024-08-18,Chennai,121,67,72,26,9
2024-08-19,Chennai,168,235,66,17,16
2024-08-20,Chennai,289,263,16,47,22
2024-08-21,Chennai,117,373,10,7,17
2024-08-22,Chennai,271,170,10,42,19
2024-08-23,Chennai,67,390,38,9,15
2024-08-24,Chennai,231,397,30,11,23
2024-08-25,Chennai,138,352,44,8,17
2024-08-26,Chennai,98,178,77,16,11
2024-08-27,Chennai,263,72,34,25,15
2024-08-28,Chennai,90,368,61,28,16
2024-08-29,Chennai,182,286,64,36,18
2024-08-30,Chennai,84,85,58,46,7
2024-08-31,Chennai,126,262,70,13,14
2024-09-01,Chennai,35,158,44,43,7
2024-09-02,Chennai,179,167,14,46,14
2024-09-03,Chennai,116,125,76,34,10
2024-09-04,Chennai,243,334,46,27,22
2024-09-05,Chennai,170,209,55,27,15
2024-09-06,Chennai,74,296,75,41,13
2024-09-07,Chennai,163,157,27,34,13
2024-09-08,Chennai,179,295,42,34,18
2024-09-09,Chennai,238,175,41,46,18
2024-09-10,Chennai,151,187,45,38,13
2024-09-11,Chennai,230,283,37,15,20
2024-09-12,Chennai,235,216,56,23,19
2024-09-13,Chennai,147,201,18,37,13
2024-09-14,Chennai,48,244,49,46,10
2024-09-15,Chennai,170,295,10,38,17
2024-09-16,Chennai,122,288,57,33,15
2024-09-17,Chennai,157,393,35,21,20
2024-09-18,Chennai,100,318,78,30,15
2024-09-19,Chennai,36,363,58,43,13
2024-09-20,Chennai,222,290,71,21,20
2024-09-21,Chennai,200,74,12,19,12
2024-09-22,Chennai,58,166,41,30,8
2024-09-23,Chennai,173,74,63,32,11
2024-09-24,Chennai,102,169,65,5,10
2024-09-25,Chennai,122,135,50,48,11
2024-09-26,Chennai,147,282,38,23,16
2024-09-27,Chennai,176,320,12,15,18
2024-09-28,Chennai,210,79,66,44,13
2024-09-29,Chennai,175,97,75,36,12
2024-09-30,Chennai,165,71,15,16,10
2024-10-01,Chennai,268,234,45,19,21
2024-10-02,Chennai,249,165,66,49,18
2024-10-03,Chennai,111,371,54,19,17
2024-10-04,Chennai,49,270,76,23,11
2024-10-05,Chennai,32,231,73,44,9
2024-10-06,Chennai,88,111,13,15,8
2024-10-07,Chennai,151,156,39,47,13
2024-10-08,Chennai,91,305,58,13,14
2024-10-09,Chennai,188,173,70,19,15
2024-10-10,Chennai,77,185,67,41,10
2024-10-11,Chennai,238,260,73,48,20
2024-10-12,Chennai,58,108,18,32,6
2024-10-13,Chennai,244,326,73,30,23
2024-10-14,Chennai,274,111,51,16,17
2024-10-15,Chennai,199,318,20,20,19
2024-10-16,Chennai,37,153,68,44,7
2024-10-17,Chennai,266,143,19,48,18
2024-10-18,Chennai,236,385,11,16,23
2024-10-19,Chennai,175,367,71,42,20
2024-10-20,Chennai,268,244,47,7,21
2024-10-21,Chennai,251,110,10,34,16
2024-10-22,Chennai,202,205,30,17,16
2024-10-23,Chennai,103,256,13,36,13
2024-10-24,Chennai,233,210,37,12,18
2024-10-25,Chennai,286,214,72,26,21
2024-10-26,Chennai,99,145,44,19,9
2024-10-27,Chennai,34,365,55,10,13
2024-10-28,Chennai,246,105,68,44,16
2024-10-29,Chennai,284,153,27,6,19
2024-10-30,Chennai,293,380,63,42,27
2024-10-31,Chennai,205,76,29,16,12
2024-11-01,Chennai,120,110,76,49,10
2024-11-02,Chennai,192,192,25,17,15
2024-11-03,Chennai,216,353,44,26,22
2024-11-04,Chennai,195,163,58,36,15
2024-11-05,Chennai,212,256,67,39,19
2024-11-06,Chennai,32,257,78,25,10
2024-11-07,Chennai,154,187,34,8,13
2024-11-08,Chennai,90,78,28,47,7
2024-11-09,Chennai,103,110,52,29,9
2024-11-10,Chennai,77,260,33,15,12
2024-11-11,Chennai,139,232,37,9,14
2024-11-12,Chennai,220,364,14,25,22
2024-11-13,Chennai,297,99,13,46,18
2024-11-14,Chennai,195,63,41,15,12
2024-11-15,Chennai,218,204,64,22,17
2024-11-16,Chennai,104,326,53,9,15
2024-11-17,Chennai,88,394,63,14,16
2024-11-18,Chennai,93,376,13,5,16
2024-11-19,Chennai,172,153,31,26,13
2024-11-20,Chennai,271,258,55,18,22
2024-11-21,Chennai,141,108,52,19,11
2024-11-22,Chennai,297,345,29,34,25
2024-11-23,Chennai,195,180,37,30,15
2024-11-24,Chennai,123,62,75,41,9
2024-11-25,Chennai,259,371,45,30,24
2024-11-26,Chennai,104,348,31,24,16
2024-11-27,Chennai,37,78,49,30,4
2024-11-28,Chennai,238,177,64,20,18
2024-11-29,Chennai,264,56,54,31,15
2024-11-30,Chennai,210,264,44,24,19
2024-12-01,Chennai,263,288,66,12,22
2024-12-02,Chennai,236,144,29,43,16
2024-12-03,Chennai,148,317,58,21,17
2024-12-04,Chennai,93,347,38,23,15
2024-12-05,Chennai,40,147,59,11,7
2024-12-06,Chennai,87,339,29,42,15
2024-12-07,Chennai,245,101,24,41,15
2024-12-08,Chennai,113,342,49,12,16
2024-12-09,Chennai,265,105,32,44,17
2024-12-10,Chennai,139,241,17,33,14
2024-12-11,Chennai,85,109,19,43,8
2024-12-12,Chennai,57,98,45,17,6
2024-12-13,Chennai,65,150,35,26,8
2024-12-14,Chennai,33,272,73,42,10
2024-12-15,Chennai,159,80,20,32,10
2024-12-16,Chennai,125,239,78,42,14
2024-12-17,Chennai,295,177,33,39,20
2024-12-18,Chennai,141,365,71,27,18
2024-12-19,Chennai,174,114,66,46,13
2024-12-20,Chennai,210,233,18,26,17
2024-12-21,Chennai,118,225,27,16,13
2024-12-22,Chennai,135,320,72,43,17
2024-12-23,Chennai,42,386,41,13,14
2024-12-24,Chennai,69,197,72,16,10
2024-12-25,Chennai,67,260,69,11,11
2024-12-26,Chennai,278,276,57,22,22
2024-12-27,Chennai,225,236,71,44,19
2024-12-28,Chennai,258,126,69,30,17
2024-12-29,Chennai,299,144,63,8,19
2024-12-30,Chennai,68,121,34,17,7
2024-12-31,Chennai,189,236,72,42,17
2024-01-01,Kolkata,149,269,62,34,16
2024-01-02,Kolkata,160,286,31,36,17
2024-01-03,Kolkata,229,296,71,10,21
2024-01-04,Kolkata,235,81,19,7,14
2024-01-05,Kolkata,285,236,58,35,22
2024-01-06,Kolkata,284,374,71,29,26
2024-01-07,Kolkata,156,336,31,8,18
2024-01-08,Kolkata,42,94,51,24,5
2024-01-09,Kolkata,234,386,63,40,24
2024-01-10,Kolkata,87,377,32,12,16
2024-01-11,Kolkata,293,364,68,17,26
2024-01-12,Kolkata,258,205,70,20,19
2024-01-13,Kolkata,31,295,26,34,11
2024-01-14,Kolkata,42,145,22,47,7
2024-01-15,Kolkata,123,198,64,21,12
2024-01-16,Kolkata,145,192,61,14,13
2024-01-17,Kolkata,82,229,39,37,11
2024-01-18,Kolkata,166,231,10,48,15
2024-01-19,Kolkata,256,380,18,36,24
2024-01-20,Kolkata,169,286,66,12,17
2024-01-21,Kolkata,101,204,71,16,12
2024-01-22,Kolkata,136,281,51,15,15
2024-01-23,Kolkata,132,220,26,37,13
2024-01-24,Kolkata,250,262,49,27,21
2024-01-25,Kolkata,85,391,59,42,16
2024-01-26,Kolkata,221,359,58,39,22
2024-01-27,Kolkata,168,393,58,25,21
2024-01-28,Kolkata,144,112,37,21,11
2024-01-29,Kolkata,35,196,65,42,8
2024-01-30,Kolkata,57,87,46,8,5
2024-01-31,Kolkata,243,267,58,47,21
2024-02-01,Kolkata,193,107,22,36,13
2024-02-02,Kolkata,134,277,69,23,15
2024-02-03,Kolkata,215,301,65,32,20
2024-02-04,Kolkata,239,353,49,37,23
2024-02-05,Kolkata,237,186,25,16,17
2024-02-06,Kolkata,171,286,34,38,17
2024-02-07,Kolkata,96,299,33,46,14
2024-02-08,Kolkata,102,331,29,44,15
2024-02-09,Kolkata,39,260,76,28,10
2024-02-10,Kolkata,34,244,67,31,10
2024-02-11,Kolkata,142,320,44,16,17
2024-02-12,Kolkata,134,230,53,30,14
2024-02-13,Kolkata,204,211,59,24,17
2024-02-14,Kolkata,169,181,57,5,14
2024-02-15,Kolkata,275,138,75,34,18
2024-02-16,Kolkata,178,389,58,26,21
2024-02-17,Kolkata,282,192,61,19,20
2024-02-18,Kolkata,54,326,14,10,12
2024-02-19,Kolkata,142,161,56,27,12
2024-02-20,Kolkata,120,67,30,32,8
2024-02-21,Kolkata,256,263,32,7,21
2024-02-22,Kolkata,69,291,19,29,12
2024-02-23,Kolkata,209,249,70,9,18
2024-02-24,Kolkata,266,230,64,41,21
2024-02-25,Kolkata,85,286,78,13,13
2024-02-26,Kolkata,88,289,11,5,13
2024-02-27,Kolkata,217,356,39,15,22
2024-02-28,Kolkata,137,381,48,30,19
2024-02-29,Kolkata,234,269,67,25,20
2024-03-01,Kolkata,213,211,40,29,17
2024-03-02,Kolkata,105,327,49,41,15
2024-03-03,Kolkata,140,370,72,46,19
2024-03-04,Kolkata,211,384,31,42,22
2024-03-05,Kolkata,128,257,17,21,14
2024-03-06,Kolkata,46,139,22,21,6
2024-03-07,Kolkata,195,386,54,10,21
2024-03-08,Kolkata,192,63,70,19,12
2024-03-09,Kolkata,298,290,40,39,24
2024-03-10,Kolkata,89,55,78,26,7
2024-03-11,Kolkata,87,354,32,29,15
2024-03-12,Kolkata,55,352,14,30,13
2024-03-13,Kolkata,49,247,68,22,10
2024-03-14,Kolkata,278,63,22,11,16
2024-03-15,Kolkata,73,68,72,47,6
2024-03-16,Kolkata,268,386,44,23,25
2024-03-17,Kolkata,129,212,41,48,13
2024-03-18,Kolkata,174,376,59,5,20
2024-03-19,Kolkata,193,190,79,18,16
2024-03-20,Kolkata,268,373,49,20,25
2024-03-21,Kolkata,249,239,13,49,20
2024-03-22,Kolkata,266,243,40,7,21
2024-03-23,Kolkata,275,185,33,19,19
2024-03-24,Kolkata,200,208,54,6,16
2024-03-25,Kolkata,293,120,66,20,19
2024-03-26,Kolkata,259,195,78,33,19
2024-03-27,Kolkata,89,147,52,49,9
2024-03-28,Kolkata,180,399,15,48,21
2024-03-29,Kolkata,33,142,32,10,6
2024-03-30,Kolkata,135,195,24,44,13
2024-03-31,Kolkata,125,278,15,7,14
2024-04-01,Kolkata,135,188,52,21,13
2024-04-02,Kolkata,125,386,50,23,18
2024-04-03,Kolkata,243,340,31,5,22
2024-04-04,Kolkata,179,296,20,17,18
2024-04-05,Kolkata,280,52,18,16,15
2024-04-06,Kolkata,116,319,27,45,16
2024-04-07,Kolkata,231,132,56,9,16
2024-04-08,Kolkata,76,305,39,29,13
2024-04-09,Kolkata,266,297,34,14,22
2024-04-10,Kolkata,235,363,50,29,23
2024-04-11,Kolkata,145,97,19,39,10
2024-04-12,Kolkata,40,134,30,26,6
2024-04-13,Kolkata,202,258,73,6,18
2024-04-14,Kolkata,150,347,63,15,18
2024-04-15,Kolkata,270,292,27,39,22
2024-04-16,Kolkata,216,395,25,10,23
2024-04-17,Kolkata,268,353,51,16,24
2024-04-18,Kolkata,217,382,13,43,22
2024-04-19,Kolkata,275,179,68,31,20
2024-04-20,Kolkata,108,121,16,44,9
2024-04-21,Kolkata,41,190,52,21,8
2024-04-22,Kolkata,92,302,45,25,14
2024-04-23,Kolkata,37,374,45,32,13
2024-04-24,Kolkata,147,398,56,16,20
2024-04-25,Kolkata,130,200,25,18,12
2024-04-26,Kolkata,100,229,46,33,12
2024-04-27,Kolkata,224,277,56,23,20
2024-04-28,Kolkata,135,70,73,41,9
2024-04-29,Kolkata,56,360,38,24,14
2024-04-30,Kolkata,193,273,25,22,18
2024-05-01,Kolkata,59,94,28,27,6
2024-05-02,Kolkata,63,190,52,33,9
2024-05-03,Kolkata,51,229,61,40,10
2024-05-04,Kolkata,260,87,79,19,16
2024-05-05,Kolkata,177,58,41,8,11
2024-05-06,Kolkata,79,387,14,24,15
2024-05-07,Kolkata,155,124,46,26,12
2024-05-08,Kolkata,106,347,18,46,16
2024-05-09,Kolkata,124,184,77,23,12
2024-05-10,Kolkata,188,212,66,25,16
2024-05-11,Kolkata,218,388,62,36,23
2024-05-12,Kolkata,216,187,11,6,16
2024-05-13,Kolkata,173,65,55,43,11
2024-05-14,Kolkata,274,156,10,15,18
2024-05-15,Kolkata,33,376,35,16,13
2024-05-16,Kolkata,124,258,74,32,14
2024-05-17,Kolkata,210,155,11,46,15
2024-05-18,Kolkata,289,157,28,30,19
2024-05-19,Kolkata,200,380,76,16,22
2024-05-20,Kolkata,224,332,63,6,21
2024-05-21,Kolkata,173,365,63,34,20
2024-05-22,Kolkata,113,215,37,29,12
2024-05-23,Kolkata,125,315,69,46,16
2024-05-24,Kolkata,254,382,51,41,25
2024-05-25,Kolkata,275,257,31,24,22
2024-05-26,Kolkata,271,332,50,20,24
2024-05-27,Kolkata,191,209,75,16,16
2024-05-28,Kolkata,102,125,19,36,9
2024-05-29,Kolkata,255,225,29,43,20
2024-05-30,Kolkata,89,115,74,40,9
2024-05-31,Kolkata,188,106,75,33,13
2024-06-01,Kolkata,44,61,37,24,4
2024-06-02,Kolkata,154,329,30,14,18
2024-06-03,Kolkata,139,383,27,28,18
2024-06-04,Kolkata,191,177,67,16,15
2024-06-05,Kolkata,179,85,54,40,12
2024-06-06,Kolkata,51,255,70,40,11
2024-06-07,Kolkata,246,145,42,49,17
2024-06-08,Kolkata,193,197,27,42,16
2024-06-09,Kolkata,224,200,25,9,17
2024-06-10,Kolkata,178,153,79,16,14
2024-06-11,Kolkata,116,191,70,11,12
2024-06-12,Kolkata,75,337,24,48,14
2024-06-13,Kolkata,198,359,53,38,21
2024-06-14,Kolkata,290,158,36,27,19
2024-06-15,Kolkata,133,305,52,37,16
2024-06-16,Kolkata,274,336,26,32,24
2024-06-17,Kolkata,112,159,63,27,11
2024-06-18,Kolkata,280,261,44,9,22
2024-06-19,Kolkata,230,334,79,29,22
2024-06-20,Kolkata,124,327,75,49,17
2024-06-21,Kolkata,248,138,10,24,16
2024-06-22,Kolkata,125,124,48,28,10
2024-06-23,Kolkata,83,267,25,39,12
2024-06-24,Kolkata,49,95,76,5,6
2024-06-25,Kolkata,87,160,10,21,9
2024-06-26,Kolkata,223,389,79,12,23
2024-06-27,Kolkata,58,161,60,37,8
2024-06-28,Kolkata,160,237,44,9,15
2024-06-29,Kolkata,233,261,29,13,19
2024-06-30,Kolkata,196,309,28,42,19
2024-07-01,Kolkata,202,220,22,17,17
2024-07-02,Kolkata,217,135,61,49,16
2024-07-03,Kolkata,72,260,51,30,12
2024-07-04,Kolkata,269,164,35,27,18
2024-07-05,Kolkata,106,186,29,23,11
2024-07-06,Kolkata,269,88,60,16,16
2024-07-07,Kolkata,236,316,35,46,22
2024-07-08,Kolkata,40,343,52,23,13
2024-07-09,Kolkata,259,269,74,39,22
2024-07-10,Kolkata,261,377,68,11,25
2024-07-11,Kolkata,296,366,77,29,26
2024-07-12,Kolkata,183,189,52,41,15
2024-07-13,Kolkata,75,358,22,29,14
2024-07-14,Kolkata,147,103,66,8,11
2024-07-15,Kolkata,104,354,16,15,16
2024-07-16,Kolkata,244,328,37,47,22
2024-07-17,Kolkata,55,103,38,23,6
2024-07-18,Kolkata,193,319,44,34,20
2024-07-19,Kolkata,237,287,39,33,21
2024-07-20,Kolkata,202,128,60,42,14
2024-07-21,Kolkata,135,96,62,42,10
2024-07-22,Kolkata,116,266,16,26,14
2024-07-23,Kolkata,239,218,19,11,18
2024-07-24,Kolkata,259,357,42,5,24
2024-07-25,Kolkata,265,237,43,8,20
2024-07-26,Kolkata,161,267,13,5,16
2024-07-27,Kolkata,100,227,70,39,12
2024-07-28,Kolkata,37,302,33,23,11
2024-07-29,Kolkata,273,172,52,31,19
2024-07-30,Kolkata,61,383,27,32,15
2024-07-31,Kolkata,45,96,68,35,6
2024-08-01,Kolkata,289,66,48,30,17
2024-08-02,Kolkata,68,181,39,34,9
2024-08-03,Kolkata,232,115,21,34,15
2024-08-04,Kolkata,47,139,62,11,7
2024-08-05,Kolkata,282,306,67,30,24
2024-08-06,Kolkata,116,139,15,10,10
2024-08-07,Kolkata,73,249,33,26,11
2024-08-08,Kolkata,48,150,27,35,7
2024-08-09,Kolkata,283,79,51,37,17
2024-08-10,Kolkata,258,61,36,43,15
2024-08-11,Kolkata,275,381,38,37,25
2024-08-12,Kolkata,264,239,24,6,20
2024-08-13,Kolkata,209,221,63,22,17
2024-08-14,Kolkata,288,184,52,22,20
2024-08-15,Kolkata,265,235,42,48,21
2024-08-16,Kolkata,124,60,77,22,8
2024-08-17,Kolkata,225,147,31,6,16
2024-08-18,Kolkata,201,183,51,29,16
2024-08-19,Kolkata,214,134,64,20,15
2024-08-20,Kolkata,196,273,60,13,18
2024-08-21,Kolkata,179,264,78,46,18
2024-08-22,Kolkata,82,379,48,19,16
2024-08-23,Kolkata,152,388,19,32,19
2024-08-24,Kolkata,58,84,15,16,5
2024-08-25,Kolkata,140,343,28,7,17
2024-08-26,Kolkata,37,171,56,8,7
2024-08-27,Kolkata,208,134,76,49,15
2024-08-28,Kolkata,165,392,25,17,20
2024-08-29,Kolkata,224,58,69,18,13
2024-08-30,Kolkata,44,376,50,26,14
2024-08-31,Kolkata,142,50,19,47,9
2024-09-01,Kolkata,237,159,65,29,17
2024-09-02,Kolkata,41,394,69,30,14
2024-09-03,Kolkata,200,183,78,47,16
2024-09-04,Kolkata,54,67,71,17,5
2024-09-05,Kolkata,72,383,37,22,15
2024-09-06,Kolkata,121,228,65,31,13
2024-09-07,Kolkata,189,160,18,44,14
2024-09-08,Kolkata,249,117,55,38,16
2024-09-09,Kolkata,35,329,57,43,12
2024-09-10,Kolkata,123,318,78,29,16
2024-09-11,Kolkata,177,167,75,14,14
2024-09-12,Kolkata,204,368,64,15,22
2024-09-13,Kolkata,176,84,62,30,12
2024-09-14,Kolkata,267,63,54,48,16
2024-09-15,Kolkata,245,282,74,47,21
2024-09-16,Kolkata,243,200,65,23,19
2024-09-17,Kolkata,105,269,69,37,14
2024-09-18,Kolkata,57,229,58,41,10
2024-09-19,Kolkata,128,147,49,20,11
2024-09-20,Kolkata,155,392,63,26,20
2024-09-21,Kolkata,45,77,44,49,5
2024-09-22,Kolkata,75,377,64,26,15
2024-09-23,Kolkata,114,331,34,45,16
2024-09-24,Kolkata,94,183,32,27,10
2024-09-25,Kolkata,187,126,27,27,13
2024-09-26,Kolkata,254,362,32,31,24
2024-09-27,Kolkata,117,352,49,46,17
2024-09-28,Kolkata,164,99,57,24,11
2024-09-29,Kolkata,163,396,18,49,20
2024-09-30,Kolkata,50,139,49,49,7
2024-10-01,Kolkata,106,226,29,41,12
2024-10-02,Kolkata,275,166,26,32,19
2024-10-03,Kolkata,54,107,50,10,6
2024-10-04,Kolkata,278,87,15,49,17
2024-10-05,Kolkata,104,191,75,44,12
2024-10-06,Kolkata,288,274,33,23,23
2024-10-07,Kolkata,175,290,44,5,17
2024-10-08,Kolkata,182,175,25,38,14
2024-10-09,Kolkata,250,260,34,20,20
2024-10-10,Kolkata,211,378,10,46,22
2024-10-11,Kolkata,265,83,54,10,16
2024-10-12,Kolkata,50,171,79,36,8
2024-10-13,Kolkata,77,88,40,46,7
2024-10-14,Kolkata,39,79,27,28,4
2024-10-15,Kolkata,273,378,24,8,25
2024-10-16,Kolkata,220,217,18,49,18
2024-10-17,Kolkata,166,203,13,21,14
2024-10-18,Kolkata,172,148,61,9,13
2024-10-19,Kolkata,276,310,29,19,23
2024-10-20,Kolkata,175,160,11,33,13
2024-10-21,Kolkata,42,309,51,49,12
2024-10-22,Kolkata,218,144,17,7,15
2024-10-23,Kolkata,220,305,18,34,20
2024-10-24,Kolkata,146,316,51,17,17
2024-10-25,Kolkata,193,190,21,41,15
2024-10-26,Kolkata,103,122,61,11,9
2024-10-27,Kolkata,159,295,65,27,17
2024-10-28,Kolkata,132,345,73,43,18
2024-10-29,Kolkata,180,206,60,9,15
2024-10-30,Kolkata,252,138,40,24,17
2024-10-31,Kolkata,265,232,11,29,20
2024-11-01,Kolkata,42,171,79,7,8
2024-11-02,Kolkata,215,148,73,9,16
2024-11-03,Kolkata,243,364,69,23,23
2024-11-04,Kolkata,173,265,77,19,17
2024-11-05,Kolkata,246,84,64,18,15
2024-11-06,Kolkata,129,56,39,23,8
2024-11-07,Kolkata,173,160,60,12,14
2024-11-08,Kolkata,239,269,51,21,20
2024-11-09,Kolkata,220,222,16,31,18
2024-11-10,Kolkata,39,83,45,29,5
2024-11-11,Kolkata,35,264,15,33,10
2024-11-12,Kolkata,155,386,55,28,20
2024-11-13,Kolkata,55,164,37,7,8
2024-11-14,Kolkata,104,215,70,18,12
2024-11-15,Kolkata,119,225,30,43,13
2024-11-16,Kolkata,251,364,60,24,24
2024-11-17,Kolkata,141,273,68,11,16
2024-11-18,Kolkata,138,206,72,12,13
2024-11-19,Kolkata,225,84,12,49,14
2024-11-20,Kolkata,133,56,36,5,8
2024-11-21,Kolkata,248,279,53,27,21
2024-11-22,Kolkata,70,172,51,37,9
2024-11-23,Kolkata,207,112,46,45,14
2024-11-24,Kolkata,216,258,57,9,19
2024-11-25,Kolkata,77,273,12,39,12
2024-11-26,Kolkata,145,319,72,35,17
2024-11-27,Kolkata,124,322,33,27,16
2024-11-28,Kolkata,79,255,79,31,12
2024-11-29,Kolkata,79,341,17,19,14
2024-11-30,Kolkata,219,96,70,36,14
2024-12-01,Kolkata,285,271,22,5,22
2024-12-02,Kolkata,63,128,40,29,7
2024-12-03,Kolkata,67,63,17,31,5
2024-12-04,Kolkata,238,138,65,34,17
2024-12-05,Kolkata,122,389,70,26,18
2024-12-06,Kolkata,151,177,52,21,13
2024-12-07,Kolkata,159,181,48,38,14
2024-12-08,Kolkata,110,374,78,24,17
2024-12-09,Kolkata,45,356,46,44,13
2024-12-10,Kolkata,230,246,51,6,19
2024-12-11,Kolkata,294,149,73,26,20
2024-12-12,Kolkata,191,206,47,37,16
2024-12-13,Kolkata,47,376,74,37,14
2024-12-14,Kolkata,30,265,13,8,9
2024-12-15,Kolkata,154,131,36,47,12
2024-12-16,Kolkata,88,81,42,32,7
2024-12-17,Kolkata,135,154,64,40,12
2024-12-18,Kolkata,217,119,71,20,15
2024-12-19,Kolkata,116,105,22,22,9
2024-12-20,Kolkata,211,162,52,43,16
2024-12-21,Kolkata,218,128,27,27,15
2024-12-22,Kolkata,211,335,67,8,21
2024-12-23,Kolkata,100,297,27,46,14
2024-12-24,Kolkata,292,345,79,26,26
2024-12-25,Kolkata,222,117,58,47,15
2024-12-26,Kolkata,38,300,56,16,11
2024-12-27,Kolkata,213,228,79,24,18
2024-12-28,Kolkata,94,231,33,11,12
2024-12-29,Kolkata,112,368,66,39,17
2024-12-30,Kolkata,91,335,31,15,15
2024-12-31,Kolkata,241,175,38,45,18
2024-01-01,Bengaluru,71,147,74,35,9
2024-01-02,Bengaluru,187,161,27,21,14
2024-01-03,Bengaluru,236,159,65,26,17
2024-01-04,Bengaluru,85,106,53,38,8
2024-01-05,Bengaluru,143,357,79,41,19
2024-01-06,Bengaluru,208,268,30,20,18
2024-01-07,Bengaluru,90,103,49,30,8
2024-01-08,Bengaluru,94,149,73,47,10
2024-01-09,Bengaluru,216,72,16,48,13
2024-01-10,Bengaluru,210,376,43,49,22
2024-01-11,Bengaluru,235,127,25,11,15
2024-01-12,Bengaluru,125,196,11,14,12
2024-01-13,Bengaluru,154,130,21,10,11
2024-01-14,Bengaluru,179,337,10,10,19
2024-01-15,Bengaluru,240,94,32,27,15
2024-01-16,Bengaluru,73,76,35,37,6
2024-01-17,Bengaluru,65,158,64,31,8
2024-01-18,Bengaluru,214,118,70,6,15
2024-01-19,Bengaluru,84,146,47,20,9
2024-01-20,Bengaluru,183,84,76,27,12
2024-01-21,Bengaluru,63,146,50,45,8
2024-01-22,Bengaluru,180,120,12,36,13
2024-01-23,Bengaluru,111,92,16,45,8
2024-01-24,Bengaluru,30,110,23,36,5
2024-01-25,Bengaluru,35,152,19,11,6
2024-01-26,Bengaluru,119,275,39,40,14
2024-01-27,Bengaluru,155,258,72,46,16
2024-01-28,Bengaluru,233,105,50,36,15
2024-01-29,Bengaluru,44,111,36,32,6
2024-01-30,Bengaluru,238,369,68,6,23
2024-01-31,Bengaluru,156,341,22,19,18
2024-02-01,Bengaluru,118,264,69,26,14
2024-02-02,Bengaluru,232,123,34,41,16
2024-02-03,Bengaluru,205,166,47,45,16
2024-02-04,Bengaluru,149,146,26,28,12
2024-02-05,Bengaluru,258,362,11,36,24
2024-02-06,Bengaluru,166,373,26,34,20
2024-02-07,Bengaluru,197,252,30,22,17
2024-02-08,Bengaluru,212,201,26,22,17
2024-02-09,Bengaluru,71,261,54,22,12
2024-02-10,Bengaluru,46,122,23,33,6
2024-02-11,Bengaluru,252,181,29,47,18
2024-02-12,Bengaluru,137,314,36,19,16
2024-02-13,Bengaluru,276,68,61,30,16
2024-02-14,Bengaluru,246,203,35,32,19
2024-02-15,Bengaluru,210,180,75,37,17
2024-02-16,Bengaluru,105,226,65,7,12
2024-02-17,Bengaluru,78,104,35,39,7
2024-02-18,Bengaluru,229,357,16,40,22
2024-02-19,Bengaluru,218,359,71,5,22
2024-02-20,Bengaluru,78,74,19,20,6
2024-02-21,Bengaluru,173,249,38,43,16
2024-02-22,Bengaluru,163,197,52,30,14
2024-02-23,Bengaluru,119,383,42,30,18
2024-02-24,Bengaluru,150,350,72,7,18
2024-02-25,Bengaluru,97,302,35,15,14
2024-02-26,Bengaluru,31,157,39,16,6
2024-02-27,Bengaluru,247,93,42,17,15
2024-02-28,Bengaluru,107,265,35,25,13
2024-02-29,Bengaluru,95,283,32,21,13
2024-03-01,Bengaluru,283,353,11,24,25
2024-03-02,Bengaluru,216,95,12,16,13
2024-03-03,Bengaluru,129,127,25,23,10
2024-03-04,Bengaluru,191,93,15,17,12
2024-03-05,Bengaluru,221,327,27,16,21
2024-03-06,Bengaluru,209,172,60,44,16
2024-03-07,Bengaluru,100,97,28,10,8
2024-03-08,Bengaluru,113,204,62,47,12
2024-03-09,Bengaluru,164,118,20,19,12
2024-03-10,Bengaluru,221,118,32,41,15
2024-03-11,Bengaluru,38,320,12,33,11
2024-03-12,Bengaluru,46,203,30,12,8
2024-03-13,Bengaluru,178,316,47,12,18
2024-03-14,Bengaluru,135,84,23,18,9
2024-03-15,Bengaluru,295,189,47,48,21
2024-03-16,Bengaluru,148,287,43,45,16
2024-03-17,Bengaluru,39,171,26,21,7
2024-03-18,Bengaluru,252,306,21,43,22
2024-03-19,Bengaluru,33,155,13,22,6
2024-03-20,Bengaluru,226,68,11,16,13
2024-03-21,Bengaluru,110,379,15,12,17
2024-03-22,Bengaluru,154,356,20,16,18
2024-03-23,Bengaluru,31,57,20,40,3
2024-03-24,Bengaluru,39,261,17,40,10
2024-03-25,Bengaluru,282,63,63,25,16
2024-03-26,Bengaluru,178,285,59,34,18
2024-03-27,Bengaluru,196,69,16,13,12
2024-03-28,Bengaluru,158,343,70,48,19
2024-03-29,Bengaluru,115,93,71,10,9
2024-03-30,Bengaluru,174,100,47,28,12
2024-03-31,Bengaluru,80,315,30,10,13
2024-04-01,Bengaluru,86,88,42,22,7
2024-04-02,Bengaluru,249,362,57,46,24
2024-04-03,Bengaluru,103,159,61,46,10
2024-04-04,Bengaluru,61,283,35,29,12
2024-04-05,Bengaluru,255,106,61,44,16
2024-04-06,Bengaluru,93,281,42,25,13
2024-04-07,Bengaluru,287,67,56,37,17
2024-04-08,Bengaluru,258,275,44,22,21
2024-04-09,Bengaluru,139,303,39,48,16
2024-04-10,Bengaluru,206,188,75,30,16
2024-04-11,Bengaluru,193,210,56,17,16
2024-04-12,Bengaluru,118,373,51,23,17
2024-04-13,Bengaluru,239,278,28,27,20
2024-04-14,Bengaluru,280,359,74,16,25
2024-04-15,Bengaluru,63,358,17,22,14
2024-04-16,Bengaluru,86,161,14,30,9
2024-04-17,Bengaluru,211,62,38,7,12
2024-04-18,Bengaluru,119,153,67,16,11
2024-04-19,Bengaluru,137,205,11,41,13
2024-04-20,Bengaluru,117,253,25,27,13
2024-04-21,Bengaluru,283,237,41,19,21
2024-04-22,Bengaluru,34,379,61,17,13
2024-04-23,Bengaluru,198,230,59,19,17
2024-04-24,Bengaluru,277,176,16,44,19
2024-04-25,Bengaluru,284,192,79,5,20
2024-04-26,Bengaluru,40,157,35,41,7
2024-04-27,Bengaluru,180,270,49,17,17
2024-04-28,Bengaluru,180,172,25,34,14
2024-04-29,Bengaluru,218,304,77,44,21
2024-04-30,Bengaluru,188,358,34,48,20
2024-05-01,Bengaluru,119,305,18,16,15
2024-05-02,Bengaluru,273,231,37,39,21
2024-05-03,Bengaluru,226,275,67,18,20
2024-05-04,Bengaluru,104,91,47,8,8
2024-05-05,Bengaluru,210,82,65,45,14
2024-05-06,Bengaluru,229,150,60,14,16
2024-05-07,Bengaluru,200,192,47,19,16
2024-05-08,Bengaluru,290,270,63,14,23
2024-05-09,Bengaluru,33,385,45,29,13
2024-05-10,Bengaluru,244,147,45,41,17
2024-05-11,Bengaluru,38,110,62,22,6
2024-05-12,Bengaluru,92,170,13,33,10
2024-05-13,Bengaluru,284,256,37,46,22
2024-05-14,Bengaluru,105,165,78,38,11
2024-05-15,Bengaluru,263,50,48,36,15
2024-05-16,Bengaluru,247,322,44,46,22
2024-05-17,Bengaluru,275,139,58,42,18
2024-05-18,Bengaluru,179,181,58,13,15
2024-05-19,Bengaluru,228,264,11,28,19
2024-05-20,Bengaluru,261,296,40,44,22
2024-05-21,Bengaluru,77,100,52,38,7
2024-05-22,Bengaluru,245,226,66,17,19
2024-05-23,Bengaluru,56,244,58,16,10
2024-05-24,Bengaluru,225,93,40,27,14
2024-05-25,Bengaluru,275,133,32,32,18
2024-05-26,Bengaluru,45,214,30,19,9
2024-05-27,Bengaluru,174,86,28,34,11
2024-05-28,Bengaluru,74,255,71,40,12
2024-05-29,Bengaluru,48,349,16,48,13
2024-05-30,Bengaluru,146,117,43,6,11
2024-05-31,Bengaluru,84,315,51,45,14
2024-06-01,Bengaluru,260,59,69,25,15
2024-06-02,Bengaluru,222,141,39,25,15
2024-06-03,Bengaluru,78,314,26,9,13
2024-06-04,Bengaluru,87,234,71,35,12
2024-06-05,Bengaluru,195,220,72,23,17
2024-06-06,Bengaluru,190,190,71,33,16
2024-06-07,Bengaluru,72,341,19,35,14
2024-06-08,Bengaluru,291,362,10,11,25
2024-06-09,Bengaluru,248,70,65,27,15
2024-06-10,Bengaluru,211,74,37,9,13
2024-06-11,Bengaluru,149,326,27,10,17
2024-06-12,Bengaluru,86,142,28,37,9
2024-06-13,Bengaluru,222,286,12,46,20
2024-06-14,Bengaluru,256,282,49,7,21
2024-06-15,Bengaluru,182,176,64,24,15
2024-06-16,Bengaluru,201,158,65,27,15
2024-06-17,Bengaluru,227,136,75,23,16
2024-06-18,Bengaluru,240,167,72,46,18
2024-06-19,Bengaluru,71,364,29,13,14
2024-06-20,Bengaluru,46,332,56,6,12
2024-06-21,Bengaluru,92,111,28,21,8
2024-06-22,Bengaluru,275,300,48,40,23
2024-06-23,Bengaluru,226,207,77,28,18
2024-06-24,Bengaluru,225,356,33,18,22
2024-06-25,Bengaluru,175,106,21,22,12
2024-06-26,Bengaluru,46,335,32,21,12
2024-06-27,Bengaluru,158,384,41,13,19
2024-06-28,Bengaluru,217,263,36,23,19
2024-06-29,Bengaluru,105,197,74,25,12
2024-06-30,Bengaluru,138,178,19,36,12
2024-07-01,Bengaluru,132,391,27,36,18
2024-07-02,Bengaluru,56,269,27,43,11
2024-07-03,Bengaluru,111,121,63,35,10
2024-07-04,Bengaluru,283,211,45,22,21
2024-07-05,Bengaluru,67,250,60,39,11
2024-07-06,Bengaluru,111,269,39,8,14
2024-07-07,Bengaluru,196,253,75,47,18
2024-07-08,Bengaluru,235,199,40,27,18
2024-07-09,Bengaluru,195,360,77,19,21
2024-07-10,Bengaluru,117,266,10,11,14
2024-07-11,Bengaluru,214,189,14,48,16
2024-07-12,Bengaluru,207,347,21,43,21
2024-07-13,Bengaluru,175,123,26,8,12
2024-07-14,Bengaluru,281,168,43,10,19
2024-07-15,Bengaluru,74,363,60,38,15
2024-07-16,Bengaluru,73,320,79,41,14
2024-07-17,Bengaluru,32,263,60,7,10
2024-07-18,Bengaluru,122,225,26,11,13
2024-07-19,Bengaluru,298,371,13,14,26
2024-07-20,Bengaluru,260,137,26,10,17
2024-07-21,Bengaluru,240,374,18,31,23
2024-07-22,Bengaluru,234,260,30,28,20
2024-07-23,Bengaluru,33,201,68,39,8
2024-07-24,Bengaluru,288,373,49,39,26
2024-07-25,Bengaluru,85,157,49,17,9
2024-07-26,Bengaluru,170,204,15,21,14
2024-07-27,Bengaluru,261,290,11,17,22
2024-07-28,Bengaluru,209,115,61,32,14
2024-07-29,Bengaluru,200,71,64,7,12
2024-07-30,Bengaluru,256,265,78,24,21
2024-07-31,Bengaluru,132,88,22,45,9
2024-08-01,Bengaluru,210,317,22,14,20
2024-08-02,Bengaluru,86,89,54,39,7
2024-08-03,Bengaluru,288,54,20,11,16
2024-08-04,Bengaluru,146,233,19,46,14
2024-08-05,Bengaluru,145,211,76,12,14
2024-08-06,Bengaluru,60,124,75,10,7
2024-08-07,Bengaluru,49,275,59,20,11
2024-08-08,Bengaluru,228,88,26,49,14
2024-08-09,Bengaluru,120,287,79,42,15
2024-08-10,Bengaluru,159,263,46,37,16
2024-08-11,Bengaluru,143,288,14,43,16
2024-08-12,Bengaluru,195,342,73,14,20
2024-08-13,Bengaluru,108,219,57,48,13
2024-08-14,Bengaluru,111,136,25,42,10
2024-08-15,Bengaluru,192,147,37,6,14
2024-08-16,Bengaluru,198,364,78,32,21
2024-08-17,Bengaluru,210,280,54,24,19
2024-08-18,Bengaluru,218,396,67,49,23
2024-08-19,Bengaluru,157,56,51,42,10
2024-08-20,Bengaluru,255,102,24,36,16
2024-08-21,Bengaluru,183,97,28,13,12
2024-08-22,Bengaluru,93,398,63,43,17
2024-08-23,Bengaluru,289,52,73,33,17
2024-08-24,Bengaluru,40,146,67,15,7
2024-08-25,Bengaluru,50,88,55,6,5
2024-08-26,Bengaluru,120,213,74,39,13
2024-08-27,Bengaluru,188,152,10,29,14
2024-08-28,Bengaluru,72,133,76,6,8
2024-08-29,Bengaluru,239,175,73,14,18
2024-08-30,Bengaluru,98,314,11,38,14
2024-08-31,Bengaluru,217,279,70,35,20
2024-09-01,Bengaluru,39,163,45,25,7
2024-09-02,Bengaluru,78,375,58,7,15
2024-09-03,Bengaluru,247,238,35,12,19
2024-09-04,Bengaluru,290,303,24,20,24
2024-09-05,Bengaluru,286,193,46,7,20
2024-09-06,Bengaluru,76,62,64,47,6
2024-09-07,Bengaluru,178,371,63,31,20
2024-09-08,Bengaluru,195,139,67,42,15
2024-09-09,Bengaluru,203,266,20,12,18
2024-09-10,Bengaluru,293,146,73,42,20
2024-09-11,Bengaluru,50,249,72,25,10
2024-09-12,Bengaluru,277,325,17,35,24
2024-09-13,Bengaluru,278,142,18,19,18
2024-09-14,Bengaluru,123,203,19,33,12
2024-09-15,Bengaluru,109,341,46,26,16
2024-09-16,Bengaluru,261,142,37,42,18
2024-09-17,Bengaluru,188,63,38,47,12
2024-09-18,Bengaluru,249,377,14,46,24
2024-09-19,Bengaluru,164,91,45,45,11
2024-09-20,Bengaluru,87,351,75,29,15
2024-09-21,Bengaluru,102,178,51,29,11
2024-09-22,Bengaluru,211,174,76,10,16
2024-09-23,Bengaluru,154,363,79,6,19
2024-09-24,Bengaluru,111,136,11,16,9
2024-09-25,Bengaluru,179,342,29,43,19
2024-09-26,Bengaluru,53,261,74,5,11
2024-09-27,Bengaluru,238,300,10,49,21
2024-09-28,Bengaluru,134,308,55,15,16
2024-09-29,Bengaluru,245,350,35,17,23
2024-09-30,Bengaluru,53,84,33,32,5
2024-10-01,Bengaluru,45,108,63,19,6
2024-10-02,Bengaluru,278,316,74,19,24
2024-10-03,Bengaluru,247,164,77,47,18
2024-10-04,Bengaluru,104,152,50,46,10
2024-10-05,Bengaluru,207,264,68,43,19
2024-10-06,Bengaluru,288,253,16,30,22
2024-10-07,Bengaluru,190,225,11,45,16
2024-10-08,Bengaluru,161,325,45,36,18
2024-10-09,Bengaluru,57,382,10,39,14
2024-10-10,Bengaluru,141,335,63,40,18
2024-10-11,Bengaluru,246,129,67,23,17
2024-10-12,Bengaluru,94,374,60,26,16
2024-10-13,Bengaluru,245,156,62,40,17
2024-10-14,Bengaluru,193,117,45,22,13
2024-10-15,Bengaluru,198,71,75,25,13
2024-10-16,Bengaluru,129,349,56,43,17
2024-10-17,Bengaluru,119,134,26,20,10
2024-10-18,Bengaluru,217,208,58,41,18
2024-10-19,Bengaluru,31,293,57,18,11
2024-10-20,Bengaluru,88,148,67,43,9
2024-10-21,Bengaluru,31,292,50,23,11
2024-10-22,Bengaluru,152,278,25,8,16
2024-10-23,Bengaluru,169,78,16,18,11
2024-10-24,Bengaluru,276,61,14,21,15
2024-10-25,Bengaluru,135,81,52,21,9
2024-10-26,Bengaluru,98,350,18,37,15
2024-10-27,Bengaluru,129,195,18,33,12
2024-10-28,Bengaluru,143,192,15,46,13
2024-10-29,Bengaluru,186,384,13,22,21
2024-10-30,Bengaluru,271,221,23,7,20
2024-10-31,Bengaluru,143,111,73,42,11
2024-11-01,Bengaluru,239,304,29,29,21
2024-11-02,Bengaluru,225,141,61,41,16
2024-11-03,Bengaluru,37,349,14,9,12
2024-11-04,Bengaluru,74,186,41,37,10
2024-11-05,Bengaluru,155,116,39,16,11
2024-11-06,Bengaluru,58,180,66,34,9
2024-11-07,Bengaluru,91,52,55,8,6
2024-11-08,Bengaluru,54,228,22,43,10
2024-11-09,Bengaluru,192,360,18,6,20
2024-11-10,Bengaluru,275,346,53,35,25
2024-11-11,Bengaluru,76,179,78,46,10
2024-11-12,Bengaluru,285,361,52,29,25
2024-11-13,Bengaluru,191,335,79,7,20
2024-11-14,Bengaluru,32,75,66,28,4
2024-11-15,Bengaluru,82,247,52,46,12
2024-11-16,Bengaluru,233,60,27,25,13
2024-11-17,Bengaluru,129,153,61,48,12
2024-11-18,Bengaluru,210,236,39,12,18
2024-11-19,Bengaluru,127,362,29,44,17
2024-11-20,Bengaluru,290,380,36,44,26
2024-11-21,Bengaluru,55,76,71,23,5
2024-11-22,Bengaluru,199,216,69,45,17
2024-11-23,Bengaluru,258,146,25,27,17
2024-11-24,Bengaluru,164,75,21,12,10
2024-11-25,Bengaluru,162,155,78,30,13
2024-11-26,Bengaluru,162,71,22,32,10
2024-11-27,Bengaluru,190,156,32,37,14
2024-11-28,Bengaluru,264,67,39,30,15
2024-11-29,Bengaluru,173,254,48,37,17
2024-11-30,Bengaluru,183,225,74,42,17
2024-12-01,Bengaluru,163,95,59,42,12
2024-12-02,Bengaluru,135,265,27,31,15
2024-12-03,Bengaluru,101,379,26,33,17
2024-12-04,Bengaluru,215,119,31,10,14
2024-12-05,Bengaluru,55,189,23,26,8
2024-12-06,Bengaluru,80,200,57,11,10
2024-12-07,Bengaluru,133,138,22,25,11
2024-12-08,Bengaluru,262,232,18,19,20
2024-12-09,Bengaluru,81,318,60,38,14
2024-12-10,Bengaluru,259,180,68,10,19
2024-12-11,Bengaluru,276,241,28,7,21
2024-12-12,Bengaluru,239,152,14,7,16
2024-12-13,Bengaluru,168,170,77,9,14
2024-12-14,Bengaluru,158,140,72,33,13
2024-12-15,Bengaluru,239,61,50,6,14
2024-12-16,Bengaluru,202,257,57,28,18
2024-12-17,Bengaluru,128,188,67,33,13
2024-12-18,Bengaluru,172,365,51,45,20
2024-12-19,Bengaluru,237,379,58,36,24
2024-12-20,Bengaluru,93,292,11,28,13
2024-12-21,Bengaluru,244,371,47,35,24
2024-12-22,Bengaluru,261,331,38,7,23
2024-12-23,Bengaluru,285,330,57,5,24
2024-12-24,Bengaluru,116,198,74,25,12
2024-12-25,Bengaluru,227,93,37,49,15
2024-12-26,Bengaluru,46,176,49,7,8
2024-12-27,Bengaluru,105,280,75,26,14
2024-12-28,Bengaluru,244,207,78,13,19
2024-12-29,Bengaluru,114,316,78,39,16
2024-12-30,Bengaluru,245,210,48,34,19
2024-12-31,Bengaluru,203,214,69,35,17
